,winner_hand,w_ace,winner_ht
0,R,15.0,196.0
1,R,3.0,188.0
2,R,11.0,196.0
3,R,5.0,188.0
4,R,9.0,193.0
5,R,2.0,185.0
6,R,20.0,193.0
7,R,4.0,196.0
8,R,11.0,196.0
9,R,8.0,185.0
10,L,7.0,188.0
11,R,10.0,188.0
12,R,12.0,193.0
13,R,8.0,196.0
14,R,12.0,193.0
15,R,2.0,183.0
16,R,10.0,191.0
17,R,2.0,183.0
18,R,11.0,196.0
19,L,3.0,196.0
20,R,18.0,196.0
21,R,3.0,175.0
22,R,10.0,183.0
23,L,6.0,196.0
24,R,8.0,196.0
25,R,9.0,188.0
26,R,5.0,196.0
27,R,4.0,188.0
28,R,5.0,185.0
29,R,7.0,193.0
30,R,3.0,183.0
31,R,10.0,178.0
32,L,6.0,188.0
33,R,5.0,175.0
34,L,4.0,188.0
35,R,11.0,178.0
36,R,15.0,196.0
37,R,9.0,185.0
38,R,10.0,196.0
39,R,7.0,185.0
40,R,8.0,183.0
41,R,5.0,185.0
42,R,10.0,188.0
43,R,14.0,196.0
44,R,2.0,196.0
45,L,6.0,180.0
46,R,4.0,188.0
47,R,6.0,196.0
48,R,7.0,188.0
49,R,5.0,188.0
50,R,9.0,196.0
51,R,4.0,188.0
52,R,6.0,198.0
53,R,5.0,196.0
54,L,2.0,170.0
55,R,10.0,188.0
56,L,7.0,185.0
57,R,7.0,198.0
58,R,7.0,198.0
59,R,5.0,191.0
60,R,12.0,196.0
61,L,0.0,170.0
62,R,16.0,196.0
63,R,4.0,188.0
64,R,14.0,191.0
65,R,4.0,185.0
66,L,7.0,185.0
67,R,5.0,198.0
68,R,4.0,183.0
69,L,8.0,193.0
70,R,6.0,198.0
71,R,5.0,191.0
72,R,21.0,193.0
73,R,12.0,196.0
74,R,8.0,183.0
75,L,0.0,170.0
76,R,4.0,178.0
77,R,13.0,180.0
78,R,11.0,196.0
79,R,17.0,188.0
80,R,11.0,188.0
81,R,10.0,183.0
82,R,,188.0
83,R,13.0,185.0
84,R,7.0,183.0
85,R,3.0,191.0
86,R,16.0,198.0
87,R,7.0,188.0
88,R,0.0,185.0
89,R,9.0,185.0
90,R,9.0,185.0
91,R,5.0,183.0
92,L,11.0,188.0
93,R,2.0,191.0
94,R,0.0,183.0
95,R,3.0,185.0
96,R,10.0,188.0
97,R,2.0,185.0
98,R,14.0,188.0
99,R,5.0,185.0
100,R,8.0,185.0
101,R,3.0,188.0
102,R,2.0,183.0
103,R,12.0,188.0
104,L,12.0,188.0
105,R,6.0,183.0
106,R,3.0,183.0
107,R,,183.0
108,L,3.0,188.0
109,R,5.0,180.0
110,R,6.0,183.0
111,R,2.0,188.0
112,L,5.0,188.0
113,R,18.0,188.0
114,R,4.0,180.0
115,R,7.0,183.0
116,R,7.0,180.0
117,R,10.0,191.0
118,R,0.0,188.0
119,R,3.0,180.0
120,L,4.0,188.0
121,R,7.0,188.0
122,R,7.0,180.0
123,R,10.0,183.0
124,R,5.0,183.0
125,R,6.0,201.0
126,R,1.0,180.0
127,L,9.0,193.0
128,R,20.0,191.0
129,R,6.0,188.0
130,R,7.0,183.0
131,R,3.0,180.0
132,R,5.0,185.0
133,R,11.0,180.0
134,R,7.0,183.0
135,R,13.0,180.0
136,R,22.0,193.0
137,R,6.0,183.0
138,L,10.0,193.0
139,R,5.0,180.0
140,R,17.0,193.0
141,R,14.0,183.0
142,R,11.0,183.0
143,R,4.0,183.0
144,L,10.0,193.0
145,R,5.0,198.0
146,R,4.0,183.0
147,R,11.0,180.0
148,R,11.0,193.0
149,R,10.0,178.0
150,R,7.0,183.0
151,R,13.0,191.0
152,R,7.0,183.0
153,R,4.0,183.0
154,R,6.0,185.0
155,L,2.0,193.0
156,L,11.0,196.0
157,R,8.0,178.0
158,R,1.0,183.0
159,R,6.0,180.0
160,L,6.0,185.0
161,R,14.0,178.0
162,R,0.0,178.0
163,L,1.0,170.0
164,R,11.0,198.0
165,R,6.0,178.0
166,L,3.0,180.0
167,R,24.0,188.0
168,R,24.0,196.0
169,R,16.0,191.0
170,R,15.0,191.0
171,L,16.0,185.0
172,R,16.0,196.0
173,R,10.0,180.0
174,R,9.0,183.0
175,R,9.0,198.0
176,R,17.0,193.0
177,R,15.0,178.0
178,R,13.0,188.0
179,R,11.0,191.0
180,R,17.0,193.0
181,R,9.0,188.0
182,R,10.0,196.0
183,R,6.0,191.0
184,L,6.0,188.0
185,R,5.0,180.0
186,R,42.0,201.0
187,R,7.0,185.0
188,R,6.0,185.0
189,L,2.0,180.0
190,L,7.0,178.0
191,R,13.0,193.0
192,R,7.0,188.0
193,R,10.0,188.0
194,R,7.0,188.0
195,R,5.0,175.0
196,R,12.0,180.0
197,L,12.0,188.0
198,R,34.0,201.0
199,R,11.0,188.0
200,R,15.0,188.0
201,R,15.0,183.0
202,L,14.0,180.0
203,R,8.0,183.0
204,R,15.0,191.0
205,R,7.0,188.0
206,R,4.0,183.0
207,R,9.0,188.0
208,R,32.0,196.0
209,R,31.0,196.0
210,L,18.0,193.0
211,R,21.0,201.0
212,R,8.0,170.0
213,R,17.0,183.0
214,R,9.0,188.0
215,R,21.0,198.0
216,R,10.0,190.0
217,R,14.0,193.0
218,R,4.0,185.0
219,R,6.0,183.0
220,R,7.0,183.0
221,R,20.0,185.0
222,R,9.0,188.0
223,R,11.0,183.0
224,R,14.0,178.0
225,L,2.0,170.0
226,R,15.0,198.0
227,R,20.0,188.0
228,R,9.0,196.0
229,L,9.0,185.0
230,R,10.0,196.0
231,R,10.0,198.0
232,R,6.0,193.0
233,R,9.0,188.0
234,R,3.0,188.0
235,R,6.0,191.0
236,L,17.0,188.0
237,R,4.0,185.0
238,R,2.0,185.0
239,R,23.0,193.0
240,R,16.0,188.0
241,R,8.0,175.0
242,L,18.0,188.0
243,R,10.0,188.0
244,R,15.0,183.0
245,R,3.0,183.0
246,R,9.0,191.0
247,R,9.0,188.0
248,R,19.0,196.0
249,L,8.0,193.0
250,R,16.0,183.0
251,R,13.0,188.0
252,R,10.0,190.0
253,R,10.0,183.0
254,R,18.0,185.0
255,R,2.0,188.0
256,L,3.0,170.0
257,R,20.0,198.0
258,R,16.0,196.0
259,R,3.0,196.0
260,R,7.0,193.0
261,R,6.0,191.0
262,R,8.0,185.0
263,R,9.0,193.0
264,R,10.0,188.0
265,R,5.0,188.0
266,R,8.0,183.0
267,R,11.0,188.0
268,L,12.0,193.0
269,R,10.0,183.0
270,R,5.0,183.0
271,R,7.0,185.0
272,R,15.0,198.0
273,R,8.0,196.0
274,R,12.0,193.0
275,R,9.0,185.0
276,R,22.0,188.0
277,R,4.0,188.0
278,L,23.0,193.0
279,R,11.0,185.0
280,R,12.0,198.0
281,R,9.0,193.0
282,R,14.0,188.0
283,R,7.0,185.0
284,R,18.0,193.0
285,R,12.0,188.0
286,R,7.0,188.0
287,R,1.0,170.0
288,R,5.0,170.0
289,R,8.0,180.0
290,R,1.0,180.0
291,R,6.0,170.0
292,L,4.0,188.0
293,R,4.0,180.0
294,L,6.0,183.0
295,R,3.0,180.0
296,R,4.0,170.0
297,R,0.0,191.0
298,R,1.0,185.0
299,L,4.0,188.0
300,R,2.0,180.0
301,R,9.0,185.0
302,L,1.0,183.0
303,L,1.0,185.0
304,R,3.0,180.0
305,R,4.0,183.0
306,R,2.0,191.0
307,R,6.0,183.0
308,R,5.0,185.0
309,R,6.0,185.0
310,R,3.0,183.0
311,R,12.0,180.0
312,R,6.0,185.0
313,L,4.0,193.0
314,R,7.0,183.0
315,R,6.0,183.0
316,R,31.0,206.0
317,R,9.0,196.0
318,R,6.0,183.0
319,R,23.0,206.0
320,R,11.0,183.0
321,R,10.0,196.0
322,R,5.0,180.0
323,R,2.0,183.0
324,L,10.0,180.0
325,R,18.0,206.0
326,R,5.0,185.0
327,R,10.0,183.0
328,R,5.0,188.0
329,R,9.0,185.0
330,R,15.0,193.0
331,R,10.0,180.0
332,R,9.0,183.0
333,R,10.0,183.0
334,L,13.0,180.0
335,R,22.0,206.0
336,R,6.0,188.0
337,R,8.0,185.0
338,R,9.0,183.0
339,R,6.0,175.0
340,R,3.0,178.0
341,R,4.0,191.0
342,R,15.0,201.0
343,R,5.0,191.0
344,R,7.0,188.0
345,R,18.0,201.0
346,R,5.0,185.0
347,R,1.0,191.0
348,R,7.0,188.0
349,R,2.0,183.0
350,R,10.0,188.0
351,R,15.0,201.0
352,R,11.0,191.0
353,R,8.0,185.0
354,R,6.0,191.0
355,R,,191.0
356,L,13.0,196.0
357,R,5.0,185.0
358,R,5.0,183.0
359,R,10.0,196.0
360,R,11.0,201.0
361,R,4.0,188.0
362,R,0.0,183.0
363,R,25.0,191.0
364,R,8.0,185.0
365,R,5.0,191.0
366,R,9.0,185.0
367,R,1.0,188.0
368,R,10.0,196.0
369,R,9.0,196.0
370,R,5.0,183.0
371,R,8.0,196.0
372,R,4.0,178.0
373,R,8.0,183.0
374,R,3.0,175.0
375,R,11.0,196.0
376,L,9.0,180.0
377,R,2.0,188.0
378,R,9.0,178.0
379,R,1.0,180.0
380,R,6.0,183.0
381,R,1.0,175.0
382,R,7.0,185.0
383,R,4.0,185.0
384,L,8.0,180.0
385,R,4.0,183.0
386,R,3.0,188.0
387,R,0.0,178.0
388,L,3.0,170.0
389,R,5.0,180.0
390,L,10.0,185.0
391,R,7.0,185.0
392,R,6.0,188.0
393,R,2.0,175.0
394,R,2.0,180.0
395,R,3.0,183.0
396,R,3.0,183.0
397,L,3.0,188.0
398,R,1.0,183.0
399,R,0.0,183.0
400,R,2.0,185.0
401,L,4.0,188.0
402,R,4.0,183.0
403,R,0.0,183.0
404,R,0.0,183.0
405,R,1.0,185.0
406,R,1.0,185.0
407,R,1.0,185.0
408,R,5.0,196.0
409,L,5.0,188.0
410,R,3.0,188.0
411,R,0.0,185.0
412,R,1.0,183.0
413,R,3.0,183.0
414,R,1.0,183.0
415,R,4.0,185.0
416,R,5.0,185.0
417,R,4.0,185.0
418,R,5.0,185.0
419,R,11.0,183.0
420,R,9.0,196.0
421,L,3.0,183.0
422,R,4.0,198.0
423,R,7.0,191.0
424,R,8.0,198.0
425,R,4.0,191.0
426,R,8.0,188.0
427,R,4.0,198.0
428,R,6.0,191.0
429,R,3.0,191.0
430,R,11.0,183.0
431,L,5.0,191.0
432,R,12.0,188.0
433,R,6.0,198.0
434,R,9.0,193.0
435,R,8.0,191.0
436,R,7.0,183.0
437,R,9.0,193.0
438,R,7.0,191.0
439,R,4.0,183.0
440,R,13.0,183.0
441,R,4.0,188.0
442,L,5.0,191.0
443,R,9.0,188.0
444,R,10.0,198.0
445,R,9.0,198.0
446,R,6.0,191.0
447,R,0.0,183.0
448,R,13.0,193.0
449,R,26.0,196.0
450,R,7.0,191.0
451,R,21.0,201.0
452,R,3.0,183.0
453,R,6.0,198.0
454,R,7.0,190.0
455,R,6.0,198.0
456,R,2.0,185.0
457,R,9.0,190.0
458,R,5.0,198.0
459,R,8.0,193.0
460,R,10.0,188.0
461,R,5.0,185.0
462,R,2.0,190.0
463,R,1.0,183.0
464,R,11.0,183.0
465,R,6.0,198.0
466,R,3.0,183.0
467,R,15.0,193.0
468,R,13.0,188.0
469,R,7.0,185.0
470,R,7.0,188.0
471,R,1.0,190.0
472,R,4.0,183.0
473,R,5.0,191.0
474,R,3.0,183.0
475,R,5.0,183.0
476,L,4.0,183.0
477,R,4.0,183.0
478,R,11.0,180.0
479,R,5.0,178.0
480,L,3.0,188.0
481,R,5.0,183.0
482,L,8.0,188.0
483,R,1.0,183.0
484,R,6.0,201.0
485,R,2.0,183.0
486,L,3.0,188.0
487,R,2.0,183.0
488,R,1.0,183.0
489,R,7.0,201.0
490,R,3.0,170.0
491,L,1.0,188.0
492,R,1.0,183.0
493,R,5.0,180.0
494,L,4.0,188.0
495,R,4.0,183.0
496,R,3.0,178.0
497,R,6.0,188.0
498,R,4.0,183.0
499,R,4.0,201.0
500,R,2.0,185.0
501,R,5.0,185.0
502,R,1.0,170.0
503,L,2.0,188.0
504,R,4.0,191.0
505,R,1.0,183.0
506,R,1.0,185.0
507,L,0.0,178.0
508,R,2.0,180.0
509,L,5.0,183.0
510,L,3.0,188.0
511,R,19.0,196.0
512,R,22.0,196.0
513,R,4.0,183.0
514,R,19.0,196.0
515,R,16.0,196.0
516,R,5.0,183.0
517,R,5.0,185.0
518,R,12.0,196.0
519,R,,183.0
520,R,9.0,191.0
521,R,7.0,196.0
522,R,10.0,183.0
523,R,4.0,183.0
524,R,13.0,183.0
525,R,,185.0
526,R,8.0,191.0
527,R,1.0,183.0
528,R,3.0,180.0
529,L,6.0,191.0
530,R,18.0,196.0
531,R,3.0,183.0
532,R,22.0,201.0
533,R,11.0,183.0
534,R,3.0,193.0
535,R,9.0,183.0
536,R,12.0,183.0
537,R,6.0,185.0
538,R,2.0,183.0
539,R,7.0,185.0
540,R,3.0,183.0
541,R,3.0,185.0
542,R,5.0,196.0
543,R,1.0,188.0
544,R,1.0,183.0
545,R,2.0,178.0
546,R,3.0,185.0
547,R,7.0,196.0
548,R,5.0,188.0
549,R,3.0,196.0
550,R,7.0,188.0
551,R,3.0,183.0
552,R,3.0,191.0
553,R,11.0,178.0
554,R,5.0,188.0
555,R,3.0,188.0
556,R,3.0,185.0
557,R,4.0,196.0
558,L,8.0,185.0
559,L,11.0,188.0
560,R,9.0,188.0
561,R,4.0,185.0
562,R,5.0,196.0
563,R,4.0,185.0
564,R,5.0,188.0
565,R,4.0,183.0
566,R,3.0,193.0
567,R,2.0,191.0
568,R,16.0,183.0
569,R,9.0,198.0
570,R,8.0,198.0
571,R,2.0,188.0
572,R,4.0,188.0
573,R,4.0,198.0
574,R,5.0,198.0
575,R,9.0,188.0
576,R,8.0,188.0
577,R,9.0,196.0
578,R,5.0,198.0
579,R,3.0,188.0
580,R,11.0,198.0
581,R,2.0,191.0
582,R,7.0,191.0
583,R,12.0,188.0
584,R,12.0,188.0
585,R,11.0,188.0
586,R,2.0,191.0
587,R,18.0,196.0
588,R,6.0,198.0
589,R,3.0,196.0
590,R,16.0,193.0
591,R,3.0,188.0
592,R,12.0,198.0
593,R,11.0,183.0
594,R,10.0,191.0
595,R,13.0,193.0
596,R,7.0,191.0
597,R,0.0,183.0
598,R,5.0,183.0
599,R,8.0,188.0
600,R,6.0,201.0
601,R,9.0,201.0
602,R,4.0,196.0
603,R,4.0,183.0
604,R,8.0,201.0
605,R,2.0,170.0
606,R,6.0,196.0
607,R,0.0,183.0
608,L,7.0,183.0
609,R,10.0,201.0
610,R,5.0,193.0
611,R,8.0,188.0
612,R,3.0,170.0
613,R,6.0,183.0
614,R,5.0,196.0
615,R,4.0,183.0
616,R,8.0,185.0
617,L,7.0,183.0
618,R,12.0,201.0
619,R,9.0,193.0
620,R,2.0,183.0
621,R,6.0,188.0
622,R,2.0,180.0
623,R,4.0,185.0
624,L,4.0,183.0
625,R,0.0,183.0
626,R,5.0,196.0
627,R,1.0,183.0
628,R,5.0,183.0
629,R,9.0,198.0
630,R,2.0,183.0
631,R,5.0,191.0
632,R,4.0,198.0
633,R,4.0,188.0
634,R,3.0,183.0
635,R,12.0,193.0
636,R,2.0,196.0
637,R,5.0,191.0
638,R,12.0,198.0
639,R,5.0,183.0
640,L,2.0,188.0
641,R,6.0,188.0
642,R,0.0,183.0
643,L,8.0,193.0
644,R,6.0,185.0
645,R,6.0,193.0
646,R,4.0,196.0
647,R,1.0,188.0
648,R,6.0,191.0
649,R,12.0,183.0
650,R,8.0,198.0
651,R,8.0,198.0
652,R,3.0,183.0
653,R,5.0,185.0
654,R,4.0,188.0
655,L,11.0,188.0
656,R,9.0,188.0
657,L,7.0,188.0
658,R,1.0,183.0
659,R,14.0,188.0
660,L,8.0,193.0
661,R,6.0,190.0
662,R,9.0,196.0
663,R,6.0,185.0
664,R,4.0,185.0
665,R,10.0,193.0
666,R,4.0,196.0
667,R,1.0,170.0
668,L,1.0,178.0
669,R,4.0,188.0
670,R,9.0,191.0
671,L,3.0,180.0
672,R,13.0,183.0
673,R,3.0,188.0
674,R,6.0,198.0
675,R,2.0,193.0
676,R,6.0,188.0
677,R,7.0,198.0
678,R,5.0,198.0
679,R,0.0,183.0
680,R,8.0,185.0
681,R,1.0,183.0
682,R,5.0,188.0
683,L,5.0,188.0
684,R,0.0,191.0
685,L,4.0,188.0
686,R,4.0,188.0
687,R,6.0,178.0
688,L,10.0,188.0
689,R,11.0,183.0
690,R,9.0,193.0
691,L,4.0,185.0
692,L,8.0,193.0
693,R,6.0,190.0
694,R,14.0,196.0
695,R,5.0,193.0
696,R,2.0,185.0
697,R,1.0,185.0
698,L,5.0,193.0
699,R,0.0,178.0
700,L,4.0,178.0
701,R,6.0,188.0
702,R,6.0,183.0
703,L,3.0,180.0
704,R,10.0,183.0
705,R,5.0,178.0
706,R,6.0,188.0
707,R,5.0,193.0
708,R,2.0,188.0
709,R,7.0,185.0
710,R,7.0,193.0
711,R,4.0,183.0
712,R,3.0,185.0
713,R,1.0,170.0
714,R,5.0,185.0
715,L,2.0,188.0
716,R,3.0,191.0
717,R,0.0,188.0
718,R,6.0,180.0
719,R,3.0,178.0
720,L,6.0,188.0
721,R,2.0,183.0
722,R,9.0,198.0
723,R,8.0,191.0
724,R,13.0,198.0
725,R,6.0,183.0
726,R,4.0,191.0
727,R,9.0,198.0
728,R,7.0,198.0
729,R,3.0,183.0
730,R,8.0,196.0
731,R,4.0,188.0
732,R,8.0,191.0
733,R,12.0,201.0
734,R,7.0,198.0
735,R,4.0,185.0
736,R,5.0,198.0
737,R,3.0,183.0
738,R,8.0,185.0
739,R,5.0,196.0
740,R,7.0,188.0
741,R,12.0,191.0
742,R,6.0,188.0
743,R,2.0,191.0
744,R,12.0,188.0
745,L,3.0,180.0
746,R,12.0,201.0
747,R,15.0,191.0
748,R,,198.0
749,R,2.0,185.0
750,R,8.0,191.0
751,R,8.0,198.0
752,R,12.0,193.0
753,R,3.0,183.0
754,R,3.0,183.0
755,R,6.0,183.0
756,R,12.0,185.0
757,R,8.0,196.0
758,L,13.0,185.0
759,R,2.0,170.0
760,R,6.0,188.0
761,R,4.0,183.0
762,R,7.0,191.0
763,R,7.0,188.0
764,R,2.0,191.0
765,R,3.0,191.0
766,R,23.0,191.0
767,R,10.0,183.0
768,R,16.0,188.0
769,R,21.0,196.0
770,L,8.0,180.0
771,R,11.0,201.0
772,R,7.0,183.0
773,R,21.0,191.0
774,R,7.0,178.0
775,L,6.0,178.0
776,R,3.0,198.0
777,R,12.0,193.0
778,R,4.0,185.0
779,R,6.0,191.0
780,R,12.0,188.0
781,R,7.0,198.0
782,R,4.0,185.0
783,R,4.0,185.0
784,R,,193.0
785,L,12.0,183.0
786,R,4.0,183.0
787,R,10.0,188.0
788,L,10.0,196.0
789,R,6.0,185.0
790,L,3.0,185.0
791,R,6.0,183.0
792,R,9.0,188.0
793,R,6.0,193.0
794,R,16.0,196.0
795,R,4.0,188.0
796,R,0.0,191.0
797,R,13.0,188.0
798,R,10.0,193.0
799,L,1.0,188.0
800,R,4.0,183.0
801,R,11.0,193.0
802,L,9.0,180.0
803,R,6.0,201.0
804,R,8.0,183.0
805,R,12.0,191.0
806,R,3.0,178.0
807,L,3.0,178.0
808,R,1.0,183.0
809,L,9.0,183.0
810,R,8.0,183.0
811,R,6.0,191.0
812,R,10.0,180.0
813,R,6.0,196.0
814,R,9.0,185.0
815,R,3.0,185.0
816,R,9.0,183.0
817,R,3.0,183.0
818,R,3.0,183.0
819,R,5.0,183.0
820,R,2.0,183.0
821,R,5.0,191.0
822,R,3.0,185.0
823,R,2.0,183.0
824,R,4.0,183.0
825,R,0.0,170.0
826,R,14.0,191.0
827,R,1.0,185.0
828,R,11.0,185.0
829,R,2.0,183.0
830,R,5.0,183.0
831,R,2.0,183.0
832,R,2.0,185.0
833,R,6.0,185.0
834,R,2.0,170.0
835,R,8.0,191.0
836,R,4.0,185.0
837,L,8.0,193.0
838,R,5.0,185.0
839,R,1.0,178.0
840,R,1.0,178.0
841,R,2.0,183.0
842,L,8.0,191.0
843,R,0.0,183.0
844,R,12.0,188.0
845,R,5.0,188.0
846,R,6.0,196.0
847,R,9.0,188.0
848,L,8.0,191.0
849,R,12.0,196.0
850,R,7.0,193.0
851,R,9.0,188.0
852,R,3.0,178.0
853,L,5.0,191.0
854,R,6.0,183.0
855,R,4.0,196.0
856,R,5.0,185.0
857,R,3.0,183.0
858,R,1.0,193.0
859,R,4.0,188.0
860,R,12.0,191.0
861,R,3.0,178.0
862,L,3.0,191.0
863,R,5.0,180.0
864,R,6.0,183.0
865,R,2.0,196.0
866,R,5.0,185.0
867,R,6.0,185.0
868,R,4.0,180.0
869,R,4.0,183.0
870,R,5.0,193.0
871,R,2.0,183.0
872,R,1.0,183.0
873,R,1.0,183.0
874,R,0.0,183.0
875,R,4.0,191.0
876,R,1.0,183.0
877,R,0.0,175.0
878,R,0.0,185.0
879,R,4.0,183.0
880,R,4.0,183.0
881,R,2.0,191.0
882,R,0.0,183.0
883,R,4.0,188.0
884,R,5.0,193.0
885,R,3.0,175.0
886,L,5.0,173.0
887,R,3.0,180.0
888,R,5.0,183.0
889,R,6.0,183.0
890,R,5.0,191.0
891,R,5.0,183.0
892,R,3.0,183.0
893,R,1.0,183.0
894,R,8.0,185.0
895,R,4.0,193.0
896,R,4.0,183.0
897,R,4.0,196.0
898,R,5.0,188.0
899,R,4.0,188.0
900,R,2.0,188.0
901,R,1.0,191.0
902,R,1.0,188.0
903,R,7.0,188.0
904,R,3.0,196.0
905,R,6.0,185.0
906,R,3.0,191.0
907,R,3.0,198.0
908,R,,188.0
909,R,5.0,188.0
910,R,3.0,193.0
911,R,5.0,196.0
912,R,8.0,193.0
913,R,4.0,188.0
914,R,1.0,185.0
915,R,20.0,196.0
916,R,2.0,191.0
917,R,2.0,198.0
918,R,11.0,198.0
919,R,3.0,196.0
920,R,0.0,188.0
921,R,1.0,188.0
922,R,3.0,198.0
923,R,6.0,193.0
924,R,2.0,183.0
925,R,8.0,196.0
926,R,2.0,185.0
927,R,7.0,201.0
928,R,1.0,193.0
929,L,7.0,191.0
930,R,1.0,185.0
931,R,6.0,185.0
932,R,14.0,196.0
933,L,6.0,193.0
934,R,3.0,170.0
935,R,4.0,191.0
936,R,7.0,183.0
937,R,3.0,198.0
938,R,4.0,185.0
939,R,3.0,196.0
940,R,6.0,185.0
941,R,4.0,183.0
942,R,1.0,193.0
943,R,1.0,198.0
944,R,1.0,183.0
945,R,7.0,193.0
946,R,2.0,191.0
947,R,9.0,183.0
948,R,10.0,191.0
949,R,3.0,185.0
950,R,4.0,201.0
951,R,13.0,196.0
952,R,2.0,183.0
953,R,3.0,183.0
954,R,4.0,183.0
955,R,5.0,193.0
956,R,1.0,183.0
957,R,2.0,175.0
958,R,,185.0
959,R,1.0,193.0
960,R,3.0,183.0
961,R,1.0,183.0
962,R,1.0,185.0
963,R,5.0,175.0
964,R,1.0,185.0
965,R,4.0,191.0
966,R,,183.0
967,R,1.0,193.0
968,R,0.0,183.0
969,R,1.0,183.0
970,R,0.0,183.0
971,R,11.0,188.0
972,R,0.0,183.0
973,R,0.0,185.0
974,R,4.0,175.0
975,R,2.0,198.0
976,L,2.0,188.0
977,R,2.0,185.0
978,L,3.0,170.0
979,R,1.0,191.0
980,R,0.0,183.0
981,R,6.0,191.0
982,L,13.0,185.0
983,R,1.0,193.0
984,R,2.0,185.0
985,R,0.0,183.0
986,R,3.0,196.0
987,R,0.0,188.0
988,L,9.0,193.0
989,R,3.0,180.0
990,R,1.0,185.0
991,R,5.0,201.0
992,R,6.0,191.0
993,R,2.0,178.0
994,R,8.0,180.0
995,R,0.0,170.0
996,R,6.0,185.0
997,R,2.0,185.0
998,R,3.0,183.0
999,R,4.0,185.0
1000,R,4.0,188.0
1001,R,3.0,188.0
1002,R,2.0,191.0
1003,R,2.0,188.0
1004,R,5.0,183.0
1005,R,1.0,191.0
1006,R,1.0,196.0
1007,R,2.0,188.0
1008,R,0.0,185.0
1009,R,1.0,183.0
1010,R,2.0,183.0
1011,R,6.0,180.0
1012,R,3.0,191.0
1013,R,5.0,185.0
1014,R,9.0,196.0
1015,R,10.0,193.0
1016,R,2.0,185.0
1017,R,5.0,191.0
1018,R,6.0,183.0
1019,R,2.0,183.0
1020,R,5.0,193.0
1021,R,5.0,180.0
1022,R,9.0,193.0
1023,R,3.0,185.0
1024,L,8.0,196.0
1025,R,2.0,185.0
1026,R,4.0,188.0
1027,R,1.0,183.0
1028,R,1.0,183.0
1029,R,5.0,188.0
1030,R,3.0,183.0
1031,R,2.0,183.0
1032,L,2.0,178.0
1033,R,1.0,188.0
1034,R,4.0,188.0
1035,R,4.0,183.0
1036,R,1.0,183.0
1037,R,3.0,185.0
1038,L,2.0,178.0
1039,R,3.0,188.0
1040,R,0.0,175.0
1041,R,3.0,188.0
1042,R,0.0,178.0
1043,R,4.0,183.0
1044,R,3.0,183.0
1045,L,3.0,180.0
1046,R,0.0,175.0
1047,R,1.0,185.0
1048,R,7.0,196.0
1049,L,2.0,178.0
1050,R,2.0,188.0
1051,R,1.0,183.0
1052,R,1.0,175.0
1053,R,6.0,185.0
1054,R,2.0,183.0
1055,R,4.0,183.0
1056,R,15.0,193.0
1057,R,5.0,183.0
1058,R,2.0,188.0
1059,R,14.0,193.0
1060,R,6.0,185.0
1061,R,5.0,183.0
1062,R,5.0,198.0
1063,R,1.0,188.0
1064,R,6.0,188.0
1065,R,8.0,193.0
1066,R,0.0,193.0
1067,R,7.0,193.0
1068,R,2.0,185.0
1069,R,3.0,183.0
1070,R,4.0,198.0
1071,R,11.0,198.0
1072,R,10.0,188.0
1073,R,1.0,183.0
1074,R,6.0,188.0
1075,R,4.0,188.0
1076,R,2.0,183.0
1077,R,8.0,193.0
1078,R,8.0,185.0
1079,R,3.0,183.0
1080,R,4.0,193.0
1081,R,10.0,196.0
1082,R,13.0,193.0
1083,R,4.0,185.0
1084,R,4.0,198.0
1085,R,10.0,183.0
1086,R,10.0,191.0
1087,R,3.0,196.0
1088,R,12.0,198.0
1089,R,10.0,198.0
1090,R,7.0,183.0
1091,L,4.0,170.0
1092,R,9.0,188.0
1093,R,6.0,185.0
1094,R,2.0,183.0
1095,R,3.0,188.0
1096,R,3.0,193.0
1097,R,29.0,196.0
1098,R,3.0,188.0
1099,R,3.0,183.0
1100,R,7.0,188.0
1101,R,4.0,183.0
1102,R,11.0,193.0
1103,R,1.0,185.0
1104,R,5.0,188.0
1105,R,1.0,185.0
1106,R,6.0,183.0
1107,R,2.0,170.0
1108,R,3.0,193.0
1109,R,8.0,196.0
1110,R,4.0,185.0
1111,R,1.0,193.0
1112,L,7.0,188.0
1113,R,0.0,183.0
1114,R,3.0,185.0
1115,R,3.0,185.0
1116,R,4.0,198.0
1117,R,9.0,188.0
1118,R,5.0,183.0
1119,R,8.0,196.0
1120,R,7.0,183.0
1121,L,12.0,183.0
1122,R,13.0,191.0
1123,L,2.0,178.0
1124,R,19.0,183.0
1125,R,7.0,185.0
1126,R,1.0,183.0
1127,R,8.0,193.0
1128,R,6.0,193.0
1129,R,4.0,183.0
1130,L,3.0,173.0
1131,L,5.0,188.0
1132,R,17.0,196.0
1133,R,2.0,183.0
1134,R,1.0,193.0
1135,R,3.0,185.0
1136,R,4.0,196.0
1137,R,6.0,185.0
1138,R,2.0,183.0
1139,R,2.0,180.0
1140,R,4.0,185.0
1141,R,15.0,183.0
1142,R,8.0,185.0
1143,R,10.0,193.0
1144,R,8.0,180.0
1145,R,5.0,185.0
1146,R,3.0,185.0
1147,R,6.0,185.0
1148,R,1.0,193.0
1149,R,5.0,198.0
1150,R,1.0,188.0
1151,R,2.0,198.0
1152,R,3.0,188.0
1153,R,4.0,183.0
1154,R,8.0,198.0
1155,R,3.0,193.0
1156,R,3.0,188.0
1157,R,2.0,188.0
1158,R,5.0,183.0
1159,R,2.0,185.0
1160,R,6.0,193.0
1161,R,2.0,198.0
1162,R,2.0,193.0
1163,R,9.0,188.0
1164,R,7.0,188.0
1165,L,1.0,188.0
1166,R,6.0,196.0
1167,R,3.0,188.0
1168,R,6.0,183.0
1169,R,4.0,188.0
1170,R,3.0,185.0
1171,R,1.0,191.0
1172,R,3.0,188.0
1173,R,3.0,193.0
1174,R,10.0,198.0
1175,R,6.0,198.0
1176,R,3.0,193.0
1177,R,9.0,185.0
1178,R,4.0,188.0
1179,R,2.0,193.0
1180,R,1.0,188.0
1181,R,4.0,191.0
1182,R,1.0,188.0
1183,L,4.0,188.0
1184,R,8.0,196.0
1185,R,6.0,185.0
1186,R,4.0,178.0
1187,R,2.0,188.0
1188,R,1.0,183.0
1189,R,5.0,196.0
1190,R,1.0,188.0
1191,R,1.0,185.0
1192,R,6.0,183.0
1193,R,2.0,185.0
1194,R,3.0,185.0
1195,R,2.0,191.0
1196,R,3.0,188.0
1197,R,1.0,183.0
1198,R,2.0,185.0
1199,R,2.0,193.0
1200,R,2.0,183.0
1201,R,6.0,198.0
1202,R,0.0,183.0
1203,R,6.0,198.0
1204,R,4.0,193.0
1205,R,5.0,191.0
1206,R,1.0,185.0
1207,R,7.0,188.0
1208,R,10.0,188.0
1209,R,0.0,183.0
1210,R,0.0,193.0
1211,R,3.0,183.0
1212,R,7.0,196.0
1213,R,5.0,183.0
1214,R,1.0,188.0
1215,R,6.0,183.0
1216,R,10.0,196.0
1217,R,2.0,185.0
1218,R,7.0,178.0
1219,R,6.0,185.0
1220,R,8.0,196.0
1221,R,11.0,196.0
1222,R,2.0,188.0
1223,R,0.0,185.0
1224,R,6.0,183.0
1225,R,5.0,183.0
1226,R,5.0,170.0
1227,R,3.0,193.0
1228,L,4.0,178.0
1229,L,0.0,185.0
1230,R,2.0,185.0
1231,R,4.0,193.0
1232,R,4.0,183.0
1233,R,3.0,180.0
1234,R,5.0,178.0
1235,R,9.0,188.0
1236,R,2.0,185.0
1237,R,2.0,191.0
1238,R,4.0,185.0
1239,R,1.0,188.0
1240,L,4.0,183.0
1241,R,0.0,183.0
1242,R,2.0,193.0
1243,L,2.0,188.0
1244,R,9.0,201.0
1245,R,7.0,201.0
1246,R,8.0,191.0
1247,R,12.0,201.0
1248,R,2.0,198.0
1249,R,13.0,191.0
1250,R,6.0,196.0
1251,R,6.0,183.0
1252,R,,201.0
1253,R,5.0,198.0
1254,R,1.0,183.0
1255,R,4.0,183.0
1256,R,4.0,191.0
1257,R,1.0,193.0
1258,R,8.0,196.0
1259,R,5.0,183.0
1260,R,10.0,201.0
1261,R,5.0,188.0
1262,R,3.0,201.0
1263,R,3.0,183.0
1264,R,7.0,185.0
1265,R,2.0,183.0
1266,R,12.0,183.0
1267,R,3.0,183.0
1268,L,4.0,180.0
1269,R,6.0,193.0
1270,R,2.0,180.0
1271,R,2.0,185.0
1272,R,8.0,185.0
1273,R,2.0,185.0
1274,R,,185.0
1275,R,6.0,188.0
1276,R,0.0,185.0
1277,L,4.0,188.0
1278,R,6.0,193.0
1279,R,0.0,185.0
1280,R,7.0,185.0
1281,R,6.0,188.0
1282,L,6.0,193.0
1283,R,0.0,185.0
1284,R,0.0,170.0
1285,L,5.0,188.0
1286,R,1.0,188.0
1287,R,6.0,185.0
1288,R,7.0,183.0
1289,R,3.0,183.0
1290,R,3.0,196.0
1291,R,4.0,188.0
1292,R,2.0,183.0
1293,L,6.0,193.0
1294,R,10.0,185.0
1295,R,1.0,170.0
1296,R,2.0,185.0
1297,R,3.0,180.0
1298,R,3.0,183.0
1299,R,5.0,191.0
1300,R,7.0,185.0
1301,L,6.0,185.0
1302,R,5.0,185.0
1303,R,6.0,185.0
1304,R,1.0,185.0
1305,L,5.0,188.0
1306,R,4.0,178.0
1307,R,5.0,178.0
1308,R,8.0,191.0
1309,R,6.0,196.0
1310,R,2.0,170.0
1311,R,5.0,185.0
1312,R,0.0,183.0
1313,R,12.0,193.0
1314,R,10.0,188.0
1315,R,6.0,188.0
1316,R,1.0,178.0
1317,R,1.0,183.0
1318,R,0.0,183.0
1319,R,5.0,185.0
1320,R,11.0,188.0
1321,R,13.0,196.0
1322,R,15.0,198.0
1323,R,2.0,175.0
1324,R,14.0,183.0
1325,R,10.0,193.0
1326,R,4.0,191.0
1327,L,10.0,188.0
1328,L,5.0,180.0
1329,R,7.0,188.0
1330,R,2.0,188.0
1331,R,6.0,193.0
1332,R,1.0,175.0
1333,R,15.0,193.0
1334,R,2.0,185.0
1335,R,13.0,193.0
1336,R,11.0,196.0
1337,R,14.0,196.0
1338,R,1.0,185.0
1339,R,11.0,201.0
1340,R,4.0,180.0
1341,R,7.0,185.0
1342,R,1.0,185.0
1343,R,1.0,193.0
1344,L,8.0,183.0
1345,R,4.0,183.0
1346,R,5.0,191.0
1347,R,7.0,188.0
1348,R,15.0,188.0
1349,R,10.0,191.0
1350,R,10.0,198.0
1351,L,6.0,178.0
1352,R,7.0,185.0
1353,R,15.0,188.0
1354,R,11.0,188.0
1355,R,6.0,185.0
1356,R,0.0,196.0
1357,R,6.0,183.0
1358,L,1.0,170.0
1359,R,7.0,185.0
1360,L,4.0,185.0
1361,R,2.0,185.0
1362,R,2.0,183.0
1363,L,2.0,185.0
1364,R,1.0,185.0
1365,L,2.0,188.0
1366,R,3.0,178.0
1367,R,7.0,191.0
1368,R,0.0,170.0
1369,R,6.0,193.0
1370,R,2.0,188.0
1371,R,3.0,183.0
1372,R,8.0,185.0
1373,R,15.0,196.0
1374,R,6.0,198.0
1375,R,12.0,193.0
1376,R,3.0,191.0
1377,R,6.0,188.0
1378,R,,188.0
1379,R,5.0,175.0
1380,R,8.0,185.0
1381,R,8.0,196.0
1382,R,5.0,201.0
1383,R,6.0,180.0
1384,R,5.0,193.0
1385,R,2.0,183.0
1386,R,10.0,188.0
1387,R,5.0,191.0
1388,R,6.0,198.0
1389,R,10.0,188.0
1390,R,1.0,188.0
1391,R,3.0,196.0
1392,L,2.0,170.0
1393,R,8.0,185.0
1394,R,0.0,183.0
1395,R,2.0,185.0
1396,R,5.0,191.0
1397,R,6.0,193.0
1398,R,1.0,188.0
1399,R,7.0,185.0
1400,R,5.0,198.0
1401,R,8.0,191.0
1402,R,4.0,188.0
1403,R,1.0,185.0
1404,R,15.0,201.0
1405,R,6.0,183.0
1406,R,4.0,191.0
1407,R,13.0,198.0
1408,R,4.0,196.0
1409,L,2.0,170.0
1410,R,6.0,183.0
1411,R,3.0,193.0
1412,R,7.0,188.0
1413,R,12.0,198.0
1414,R,8.0,188.0
1415,R,10.0,183.0
1416,R,4.0,198.0
1417,R,12.0,196.0
1418,R,6.0,183.0
1419,R,11.0,188.0
1420,R,5.0,183.0
1421,R,7.0,198.0
1422,R,8.0,188.0
1423,R,5.0,183.0
1424,R,11.0,188.0
1425,R,9.0,188.0
1426,R,4.0,183.0
1427,R,9.0,188.0
1428,R,12.0,183.0
1429,R,5.0,178.0
1430,R,14.0,188.0
1431,R,2.0,188.0
1432,L,1.0,180.0
1433,R,5.0,183.0
1434,R,4.0,178.0
1435,R,2.0,178.0
1436,R,5.0,188.0
1437,R,7.0,183.0
1438,R,8.0,188.0
1439,R,8.0,191.0
1440,L,5.0,180.0
1441,R,4.0,183.0
1442,R,15.0,196.0
1443,R,5.0,178.0
1444,R,8.0,178.0
1445,L,6.0,196.0
1446,R,8.0,188.0
1447,R,8.0,196.0
1448,R,6.0,188.0
1449,L,11.0,188.0
1450,R,13.0,188.0
1451,R,8.0,196.0
1452,R,13.0,188.0
1453,R,11.0,193.0
1454,R,3.0,188.0
1455,R,18.0,193.0
1456,R,16.0,196.0
1457,R,10.0,188.0
1458,R,4.0,188.0
1459,R,5.0,183.0
1460,R,21.0,193.0
1461,R,21.0,196.0
1462,R,7.0,183.0
1463,R,8.0,185.0
1464,R,9.0,188.0
1465,R,6.0,188.0
1466,R,14.0,196.0
1467,R,6.0,183.0
1468,R,7.0,193.0
1469,R,5.0,185.0
1470,R,17.0,180.0
1471,R,4.0,183.0
1472,R,3.0,191.0
1473,R,7.0,185.0
1474,R,5.0,183.0
1475,R,12.0,185.0
1476,R,5.0,183.0
1477,R,7.0,188.0
1478,R,8.0,185.0
1479,R,21.0,196.0
1480,R,12.0,188.0
1481,R,14.0,196.0
1482,R,0.0,183.0
1483,R,13.0,188.0
1484,R,6.0,196.0
1485,R,12.0,198.0
1486,R,7.0,198.0
1487,R,5.0,183.0
1488,R,5.0,188.0
1489,R,13.0,188.0
1490,R,23.0,196.0
1491,R,10.0,191.0
1492,R,7.0,198.0
1493,R,6.0,201.0
1494,R,9.0,198.0
1495,R,7.0,188.0
1496,R,12.0,188.0
1497,R,0.0,183.0
1498,R,13.0,188.0
1499,R,8.0,193.0
1500,R,6.0,188.0
1501,R,22.0,196.0
1502,R,15.0,196.0
1503,R,7.0,193.0
1504,R,15.0,191.0
1505,R,11.0,191.0
1506,R,7.0,198.0
1507,L,7.0,185.0
1508,R,5.0,201.0
1509,R,16.0,193.0
1510,R,7.0,183.0
1511,R,2.0,183.0
1512,R,3.0,183.0
1513,R,5.0,183.0
1514,R,7.0,196.0
1515,R,4.0,183.0
1516,R,6.0,188.0
1517,R,3.0,183.0
1518,R,9.0,191.0
1519,R,15.0,196.0
1520,L,5.0,188.0
1521,R,0.0,183.0
1522,L,5.0,180.0
1523,R,4.0,185.0
1524,R,5.0,188.0
1525,R,8.0,183.0
1526,R,10.0,185.0
1527,R,11.0,191.0
1528,R,3.0,185.0
1529,R,5.0,188.0
1530,R,13.0,196.0
1531,R,3.0,183.0
1532,L,8.0,188.0
1533,R,1.0,183.0
1534,R,0.0,170.0
1535,L,5.0,180.0
1536,R,9.0,196.0
1537,R,7.0,185.0
1538,L,14.0,193.0
1539,L,2.0,180.0
1540,R,10.0,188.0
1541,R,11.0,201.0
1542,L,4.0,180.0
1543,R,14.0,201.0
1544,R,8.0,193.0
1545,L,1.0,180.0
1546,R,10.0,201.0
1547,R,11.0,193.0
1548,R,5.0,193.0
1549,L,11.0,188.0
1550,L,9.0,180.0
1551,L,3.0,180.0
1552,R,10.0,196.0
1553,R,10.0,201.0
1554,R,25.0,193.0
1555,R,8.0,191.0
1556,R,6.0,193.0
1557,L,11.0,188.0
1558,R,13.0,183.0
1559,L,7.0,185.0
1560,L,6.0,180.0
1561,R,2.0,183.0
1562,R,19.0,196.0
1563,R,6.0,180.0
1564,R,16.0,201.0
1565,R,12.0,193.0
1566,R,4.0,185.0
1567,R,3.0,191.0
1568,R,2.0,185.0
1569,R,2.0,185.0
1570,R,3.0,185.0
1571,R,3.0,178.0
1572,R,3.0,185.0
1573,R,4.0,183.0
1574,R,18.0,185.0
1575,R,6.0,178.0
1576,R,3.0,183.0
1577,R,7.0,185.0
1578,R,7.0,193.0
1579,R,8.0,183.0
1580,R,4.0,183.0
1581,R,13.0,183.0
1582,R,3.0,185.0
1583,R,8.0,178.0
1584,L,8.0,183.0
1585,R,1.0,183.0
1586,L,8.0,196.0
1587,R,7.0,201.0
1588,R,8.0,193.0
1589,R,13.0,183.0
1590,R,17.0,188.0
1591,R,5.0,183.0
1592,R,9.0,183.0
1593,R,1.0,178.0
1594,R,2.0,170.0
1595,R,10.0,183.0
1596,R,6.0,183.0
1597,R,11.0,178.0
1598,R,14.0,201.0
1599,R,20.0,198.0
1600,R,22.0,180.0
1601,R,17.0,196.0
1602,R,14.0,183.0
1603,R,14.0,188.0
1604,L,17.0,183.0
1605,R,7.0,193.0
1606,R,8.0,191.0
1607,R,2.0,183.0
1608,R,13.0,191.0
1609,R,2.0,183.0
1610,R,7.0,188.0
1611,R,7.0,198.0
1612,L,9.0,180.0
1613,R,16.0,180.0
1614,R,8.0,188.0
1615,R,11.0,185.0
1616,R,4.0,185.0
1617,R,28.0,196.0
1618,R,6.0,185.0
1619,L,8.0,188.0
1620,R,28.0,201.0
1621,R,10.0,183.0
1622,L,23.0,198.0
1623,L,22.0,193.0
1624,R,15.0,188.0
1625,R,5.0,190.0
1626,R,13.0,193.0
1627,R,7.0,191.0
1628,R,2.0,170.0
1629,R,11.0,188.0
1630,R,23.0,191.0
1631,R,11.0,191.0
1632,R,21.0,193.0
1633,R,5.0,183.0
1634,R,15.0,196.0
1635,L,7.0,185.0
1636,R,15.0,180.0
1637,L,12.0,180.0
1638,R,17.0,185.0
1639,L,13.0,185.0
1640,R,11.0,183.0
1641,L,6.0,183.0
1642,R,6.0,183.0
1643,R,6.0,188.0
1644,R,11.0,185.0
1645,R,7.0,191.0
1646,R,6.0,180.0
1647,R,24.0,196.0
1648,R,11.0,183.0
1649,L,17.0,188.0
1650,R,12.0,188.0
1651,R,5.0,185.0
1652,R,5.0,183.0
1653,R,8.0,196.0
1654,R,15.0,196.0
1655,R,10.0,196.0
1656,R,6.0,183.0
1657,R,16.0,183.0
1658,R,13.0,188.0
1659,R,5.0,183.0
1660,R,30.0,201.0
1661,R,13.0,198.0
1662,R,13.0,196.0
1663,R,23.0,188.0
1664,R,11.0,191.0
1665,R,6.0,183.0
1666,R,8.0,188.0
1667,R,7.0,198.0
1668,R,11.0,188.0
1669,R,6.0,185.0
1670,R,13.0,185.0
1671,R,21.0,201.0
1672,R,11.0,183.0
1673,R,10.0,188.0
1674,R,17.0,193.0
1675,R,15.0,191.0
1676,R,14.0,191.0
1677,R,12.0,191.0
1678,R,9.0,183.0
1679,L,5.0,185.0
1680,R,5.0,185.0
1681,L,18.0,185.0
1682,L,5.0,183.0
1683,R,12.0,188.0
1684,R,12.0,180.0
1685,R,11.0,196.0
1686,L,13.0,188.0
1687,R,6.0,185.0
1688,R,18.0,196.0
1689,R,5.0,183.0
1690,R,8.0,188.0
1691,R,12.0,183.0
1692,R,15.0,196.0
1693,R,13.0,191.0
1694,R,19.0,188.0
1695,R,6.0,198.0
1696,R,19.0,185.0
1697,R,23.0,201.0
1698,R,6.0,193.0
1699,R,9.0,191.0
1700,R,9.0,191.0
1701,R,11.0,185.0
1702,L,14.0,185.0
1703,R,14.0,188.0
1704,R,10.0,196.0
1705,R,16.0,196.0
1706,R,11.0,188.0
1707,R,4.0,183.0
1708,R,11.0,188.0
1709,R,9.0,198.0
1710,R,13.0,201.0
1711,R,12.0,191.0
1712,R,6.0,185.0
1713,R,21.0,188.0
1714,R,18.0,188.0
1715,R,4.0,183.0
1716,R,28.0,198.0
1717,R,14.0,191.0
1718,R,5.0,188.0
1719,R,4.0,183.0
1720,R,11.0,188.0
1721,R,9.0,183.0
1722,R,7.0,185.0
1723,R,3.0,185.0
1724,L,1.0,188.0
1725,R,0.0,185.0
1726,R,8.0,188.0
1727,L,2.0,188.0
1728,R,3.0,183.0
1729,R,7.0,185.0
1730,R,3.0,183.0
1731,R,6.0,193.0
1732,R,10.0,188.0
1733,R,1.0,185.0
1734,L,2.0,188.0
1735,R,8.0,185.0
1736,R,6.0,183.0
1737,R,7.0,185.0
1738,R,2.0,183.0
1739,R,4.0,183.0
1740,R,1.0,188.0
1741,R,9.0,185.0
1742,R,3.0,188.0
1743,R,1.0,185.0
1744,L,7.0,183.0
1745,L,0.0,188.0
1746,R,11.0,185.0
1747,L,7.0,191.0
1748,L,9.0,183.0
1749,R,6.0,188.0
1750,R,5.0,183.0
1751,R,9.0,188.0
1752,R,2.0,183.0
1753,R,5.0,185.0
1754,R,3.0,185.0
1755,R,6.0,188.0
1756,R,2.0,183.0
1757,R,6.0,191.0
1758,R,6.0,185.0
1759,R,2.0,180.0
1760,R,2.0,180.0
1761,R,5.0,185.0
1762,R,3.0,198.0
1763,R,3.0,188.0
1764,R,2.0,185.0
1765,R,3.0,183.0
1766,R,6.0,191.0
1767,R,9.0,185.0
1768,R,6.0,180.0
1769,R,1.0,183.0
1770,R,1.0,180.0
1771,R,3.0,183.0
1772,R,3.0,178.0
1773,R,5.0,198.0
1774,L,9.0,183.0
1775,R,1.0,191.0
1776,L,3.0,180.0
1777,R,5.0,193.0
1778,L,4.0,180.0
1779,R,20.0,206.0
1780,R,3.0,193.0
1781,L,5.0,188.0
1782,L,0.0,180.0
1783,R,6.0,185.0
1784,R,7.0,206.0
1785,R,4.0,178.0
1786,R,5.0,193.0
1787,R,11.0,203.0
1788,L,5.0,188.0
1789,R,7.0,183.0
1790,L,2.0,180.0
1791,R,5.0,191.0
1792,R,20.0,206.0
1793,L,3.0,180.0
1794,R,4.0,183.0
1795,R,14.0,183.0
1796,R,8.0,193.0
1797,L,4.0,191.0
1798,R,11.0,203.0
1799,R,6.0,188.0
1800,R,3.0,183.0
1801,L,4.0,183.0
1802,R,3.0,178.0
1803,R,16.0,196.0
1804,R,13.0,196.0
1805,R,17.0,188.0
1806,R,7.0,196.0
1807,R,9.0,183.0
1808,R,9.0,188.0
1809,L,7.0,188.0
1810,R,10.0,196.0
1811,R,4.0,178.0
1812,L,10.0,180.0
1813,R,6.0,183.0
1814,R,21.0,201.0
1815,R,26.0,188.0
1816,L,4.0,188.0
1817,R,3.0,183.0
1818,R,4.0,183.0
1819,R,0.0,178.0
1820,L,5.0,180.0
1821,L,4.0,180.0
1822,R,7.0,201.0
1823,R,7.0,183.0
1824,R,5.0,201.0
1825,R,8.0,188.0
1826,R,8.0,188.0
1827,L,10.0,188.0
1828,R,18.0,193.0
1829,R,8.0,193.0
1830,R,3.0,198.0
1831,R,7.0,198.0
1832,R,6.0,188.0
1833,R,4.0,185.0
1834,R,8.0,198.0
1835,R,6.0,188.0
1836,R,2.0,193.0
1837,R,4.0,183.0
1838,R,3.0,185.0
1839,R,2.0,198.0
1840,R,6.0,178.0
1841,R,8.0,188.0
1842,R,2.0,185.0
1843,R,2.0,193.0
1844,R,7.0,188.0
1845,R,2.0,183.0
1846,R,3.0,185.0
1847,R,4.0,185.0
1848,R,2.0,183.0
1849,R,3.0,198.0
1850,L,16.0,188.0
1851,R,6.0,178.0
1852,R,2.0,183.0
1853,R,2.0,188.0
1854,L,8.0,185.0
1855,R,3.0,183.0
1856,R,4.0,185.0
1857,R,1.0,193.0
1858,R,4.0,193.0
1859,R,6.0,188.0
1860,R,5.0,188.0
1861,R,4.0,196.0
1862,R,6.0,196.0
1863,R,5.0,183.0
1864,R,8.0,185.0
1865,R,3.0,196.0
1866,R,3.0,183.0
1867,R,3.0,191.0
1868,R,3.0,185.0
1869,R,3.0,185.0
1870,R,3.0,196.0
1871,R,1.0,188.0
1872,R,2.0,183.0
1873,R,0.0,183.0
1874,R,3.0,183.0
1875,R,0.0,191.0
1876,R,3.0,185.0
1877,R,3.0,183.0
1878,R,1.0,185.0
1879,R,8.0,196.0
1880,R,1.0,188.0
1881,R,2.0,180.0
1882,R,4.0,183.0
1883,R,4.0,180.0
1884,R,2.0,191.0
1885,R,3.0,183.0
1886,R,4.0,193.0
1887,R,1.0,185.0
1888,R,0.0,170.0
1889,R,3.0,170.0
1890,R,8.0,185.0
1891,R,7.0,196.0
1892,R,0.0,170.0
1893,R,4.0,188.0
1894,R,6.0,185.0
1895,R,2.0,196.0
1896,R,5.0,191.0
1897,L,6.0,178.0
1898,R,0.0,170.0
1899,R,6.0,188.0
1900,R,7.0,185.0
1901,R,6.0,185.0
1902,R,10.0,196.0
1903,R,4.0,183.0
1904,R,7.0,191.0
1905,R,7.0,188.0
1906,L,2.0,178.0
1907,R,5.0,170.0
1908,R,2.0,183.0
1909,R,4.0,188.0
1910,R,7.0,185.0
1911,L,8.0,188.0
1912,R,4.0,193.0
1913,R,10.0,185.0
1914,R,19.0,196.0
1915,R,2.0,193.0
1916,R,7.0,193.0
1917,R,3.0,183.0
1918,R,11.0,193.0
1919,R,8.0,188.0
1920,R,3.0,183.0
1921,L,8.0,180.0
1922,R,8.0,193.0
1923,R,8.0,201.0
1924,R,5.0,188.0
1925,R,4.0,193.0
1926,R,0.0,183.0
1927,R,8.0,185.0
1928,L,4.0,180.0
1929,R,15.0,183.0
1930,R,19.0,206.0
1931,L,4.0,191.0
1932,R,4.0,201.0
1933,R,2.0,180.0
1934,R,20.0,196.0
1935,R,8.0,193.0
1936,R,3.0,183.0
1937,R,2.0,185.0
1938,R,6.0,185.0
1939,L,2.0,180.0
1940,R,5.0,183.0
1941,R,9.0,183.0
1942,R,6.0,175.0
1943,R,13.0,188.0
1944,R,1.0,175.0
1945,R,7.0,196.0
1946,R,7.0,188.0
1947,R,,191.0
1948,R,10.0,175.0
1949,R,17.0,196.0
1950,R,7.0,183.0
1951,R,10.0,183.0
1952,R,5.0,188.0
1953,R,4.0,191.0
1954,L,3.0,188.0
1955,R,2.0,175.0
1956,R,6.0,188.0
1957,R,8.0,196.0
1958,R,5.0,190.0
1959,R,11.0,201.0
1960,R,7.0,183.0
1961,R,7.0,188.0
1962,R,11.0,183.0
1963,R,9.0,188.0
1964,R,5.0,193.0
1965,R,2.0,191.0
1966,R,9.0,188.0
1967,L,11.0,188.0
1968,R,7.0,180.0
1969,R,5.0,185.0
1970,R,4.0,175.0
1971,L,1.0,180.0
1972,R,8.0,188.0
1973,R,10.0,175.0
1974,R,8.0,188.0
1975,R,7.0,180.0
1976,R,15.0,183.0
1977,R,8.0,188.0
1978,R,3.0,175.0
1979,L,2.0,183.0
1980,R,6.0,193.0
1981,R,6.0,178.0
1982,R,7.0,188.0
1983,R,5.0,193.0
1984,R,1.0,180.0
1985,R,3.0,185.0
1986,R,8.0,183.0
1987,L,3.0,180.0
1988,R,7.0,185.0
1989,R,5.0,191.0
1990,R,4.0,191.0
1991,R,4.0,183.0
1992,R,2.0,185.0
1993,R,5.0,191.0
1994,R,3.0,183.0
1995,R,1.0,183.0
1996,R,6.0,183.0
1997,R,5.0,185.0
1998,R,9.0,193.0
1999,R,,191.0
2000,R,5.0,178.0
2001,R,9.0,183.0
2002,R,1.0,183.0
2003,R,2.0,198.0
2004,R,4.0,183.0
2005,R,25.0,196.0
2006,R,5.0,185.0
2007,R,6.0,180.0
2008,R,5.0,193.0
2009,R,11.0,188.0
2010,R,5.0,190.0
2011,R,10.0,191.0
2012,R,3.0,178.0
2013,R,15.0,196.0
2014,R,2.0,183.0
2015,R,5.0,183.0
2016,R,10.0,196.0
2017,R,7.0,183.0
2018,R,4.0,185.0
2019,R,9.0,198.0
2020,L,5.0,193.0
2021,R,1.0,183.0
2022,R,7.0,196.0
2023,R,9.0,185.0
2024,R,10.0,185.0
2025,R,4.0,180.0
2026,R,14.0,193.0
2027,R,4.0,196.0
2028,R,4.0,188.0
2029,R,8.0,185.0
2030,R,1.0,190.0
2031,R,10.0,196.0
2032,R,4.0,178.0
2033,R,6.0,191.0
2034,R,37.0,196.0
2035,R,12.0,198.0
2036,R,4.0,183.0
2037,R,5.0,185.0
2038,L,8.0,188.0
2039,R,8.0,203.0
2040,R,3.0,183.0
2041,R,11.0,185.0
2042,R,14.0,193.0
2043,R,10.0,185.0
2044,R,2.0,188.0
2045,R,2.0,183.0
2046,R,4.0,188.0
2047,R,6.0,183.0
2048,R,10.0,196.0
2049,R,2.0,198.0
2050,R,2.0,188.0
2051,R,6.0,183.0
2052,R,7.0,185.0
2053,R,11.0,196.0
2054,R,3.0,196.0
2055,L,1.0,180.0
2056,R,4.0,198.0
2057,R,3.0,196.0
2058,R,1.0,188.0
2059,R,3.0,183.0
2060,R,5.0,185.0
2061,R,11.0,183.0
2062,R,12.0,185.0
2063,R,6.0,193.0
2064,R,10.0,196.0
2065,R,,196.0
2066,R,6.0,188.0
2067,R,3.0,178.0
2068,L,2.0,180.0
2069,R,10.0,198.0
2070,R,3.0,198.0
2071,R,4.0,183.0
2072,R,4.0,196.0
2073,R,3.0,193.0
2074,R,3.0,188.0
2075,R,5.0,183.0
2076,L,4.0,188.0
2077,R,6.0,185.0
2078,R,11.0,188.0
2079,R,13.0,183.0
2080,R,5.0,185.0
2081,L,9.0,193.0
2082,R,13.0,196.0
2083,R,5.0,188.0
2084,R,9.0,196.0
2085,R,5.0,201.0
2086,R,1.0,188.0
2087,R,2.0,178.0
2088,L,3.0,180.0
2089,R,9.0,193.0
2090,R,8.0,198.0
2091,L,1.0,170.0
2092,R,3.0,185.0
2093,R,1.0,183.0
2094,R,3.0,191.0
2095,R,6.0,196.0
2096,R,3.0,193.0
2097,R,7.0,183.0
2098,R,1.0,183.0
2099,R,5.0,170.0
2100,R,4.0,170.0
2101,R,,185.0
2102,R,7.0,188.0
2103,R,1.0,170.0
2104,R,16.0,196.0
2105,R,9.0,185.0
2106,R,11.0,188.0
2107,L,3.0,183.0
2108,R,3.0,188.0
2109,R,4.0,170.0
2110,R,9.0,183.0
2111,R,8.0,196.0
2112,R,7.0,185.0
2113,R,11.0,185.0
2114,R,4.0,188.0
2115,R,2.0,188.0
2116,L,4.0,183.0
2117,L,5.0,173.0
2118,R,6.0,188.0
2119,R,2.0,193.0
2120,R,19.0,188.0
2121,R,2.0,170.0
2122,R,18.0,188.0
2123,R,6.0,183.0
2124,R,3.0,188.0
2125,R,13.0,196.0
2126,R,10.0,185.0
2127,L,6.0,180.0
2128,R,8.0,185.0
2129,R,3.0,188.0
2130,R,8.0,178.0
2131,R,10.0,188.0
2132,L,9.0,183.0
2133,L,3.0,173.0
2134,L,2.0,183.0
2135,R,7.0,193.0
2136,R,3.0,178.0
2137,R,9.0,191.0
2138,R,7.0,188.0
2139,L,7.0,196.0
2140,R,3.0,193.0
2141,R,8.0,183.0
2142,R,5.0,188.0
2143,L,10.0,180.0
2144,R,5.0,185.0
2145,L,11.0,193.0
2146,R,4.0,183.0
2147,R,26.0,193.0
2148,R,3.0,191.0
2149,R,5.0,175.0
2150,R,22.0,185.0
2151,R,7.0,185.0
2152,R,7.0,178.0
2153,L,5.0,188.0
2154,R,13.0,198.0
2155,R,12.0,188.0
2156,R,4.0,190.0
2157,R,20.0,191.0
2158,R,8.0,196.0
2159,R,12.0,183.0
2160,R,5.0,191.0
2161,R,5.0,191.0
2162,R,8.0,198.0
2163,R,18.0,183.0
2164,R,20.0,185.0
2165,R,6.0,170.0
2166,R,29.0,201.0
2167,R,6.0,193.0
2168,R,5.0,183.0
2169,R,7.0,183.0
2170,R,8.0,188.0
2171,R,11.0,206.0
2172,L,9.0,193.0
2173,R,19.0,196.0
2174,R,11.0,196.0
2175,R,19.0,196.0
2176,R,23.0,193.0
2177,R,5.0,188.0
2178,R,4.0,183.0
2179,R,15.0,193.0
2180,R,5.0,178.0
2181,R,11.0,188.0
2182,L,8.0,180.0
2183,R,15.0,193.0
2184,R,19.0,191.0
2185,R,10.0,188.0
2186,R,14.0,185.0
2187,R,12.0,185.0
2188,L,9.0,183.0
2189,R,1.0,183.0
2190,R,8.0,185.0
2191,L,13.0,193.0
2192,R,8.0,185.0
2193,R,7.0,183.0
2194,R,7.0,193.0
2195,L,9.0,183.0
2196,R,13.0,183.0
2197,R,14.0,201.0
2198,R,10.0,191.0
2199,R,13.0,193.0
2200,R,15.0,185.0
2201,R,10.0,196.0
2202,R,8.0,178.0
2203,R,13.0,196.0
2204,L,23.0,198.0
2205,R,6.0,185.0
2206,R,9.0,188.0
2207,L,5.0,173.0
2208,R,2.0,183.0
2209,R,6.0,188.0
2210,R,4.0,183.0
2211,R,5.0,175.0
2212,R,8.0,185.0
2213,L,15.0,188.0
2214,R,7.0,198.0
2215,R,6.0,191.0
2216,R,17.0,183.0
2217,R,4.0,191.0
2218,R,12.0,198.0
2219,R,4.0,170.0
2220,R,12.0,201.0
2221,R,2.0,183.0
2222,R,19.0,188.0
2223,L,4.0,193.0
2224,R,7.0,196.0
2225,R,3.0,188.0
2226,R,18.0,193.0
2227,R,2.0,178.0
2228,L,10.0,180.0
2229,R,5.0,188.0
2230,R,10.0,185.0
2231,R,7.0,183.0
2232,L,7.0,193.0
2233,R,10.0,185.0
2234,L,11.0,183.0
2235,R,19.0,183.0
2236,R,9.0,193.0
2237,R,10.0,196.0
2238,R,13.0,196.0
2239,L,13.0,198.0
2240,R,8.0,188.0
2241,R,5.0,188.0
2242,R,6.0,183.0
2243,R,5.0,185.0
2244,R,15.0,198.0
2245,R,12.0,191.0
2246,R,12.0,198.0
2247,R,2.0,183.0
2248,L,13.0,193.0
2249,R,10.0,188.0
2250,R,13.0,178.0
2251,R,15.0,188.0
2252,R,15.0,185.0
2253,L,26.0,193.0
2254,L,14.0,183.0
2255,R,10.0,196.0
2256,R,12.0,196.0
2257,R,12.0,188.0
2258,R,2.0,183.0
2259,R,16.0,198.0
2260,R,11.0,198.0
2261,R,14.0,188.0
2262,R,15.0,188.0
2263,L,16.0,193.0
2264,R,17.0,196.0
2265,R,12.0,188.0
2266,R,3.0,183.0
2267,R,8.0,198.0
2268,L,14.0,193.0
2269,R,7.0,188.0
2270,R,9.0,198.0
2271,R,5.0,188.0
2272,R,4.0,188.0
2273,R,10.0,198.0
2274,R,9.0,198.0
2275,R,9.0,185.0
2276,R,13.0,198.0
2277,R,3.0,191.0
2278,R,2.0,185.0
2279,R,1.0,185.0
2280,R,8.0,198.0
2281,R,1.0,183.0
2282,R,6.0,191.0
2283,R,9.0,183.0
2284,R,9.0,183.0
2285,R,5.0,185.0
2286,R,9.0,196.0
2287,R,11.0,185.0
2288,R,2.0,191.0
2289,L,0.0,180.0
2290,R,6.0,183.0
2291,R,5.0,185.0
2292,R,6.0,183.0
2293,R,7.0,191.0
2294,R,13.0,183.0
2295,R,0.0,183.0
2296,R,5.0,185.0
2297,R,1.0,180.0
2298,R,11.0,196.0
2299,R,5.0,191.0
2300,R,9.0,198.0
2301,R,4.0,198.0
2302,L,3.0,170.0
2303,R,4.0,198.0
2304,R,9.0,196.0
2305,L,0.0,170.0
2306,R,9.0,185.0
2307,R,8.0,198.0
2308,R,6.0,178.0
2309,R,9.0,196.0
2310,R,6.0,196.0
2311,L,2.0,170.0
2312,R,12.0,193.0
2313,R,9.0,185.0
2314,L,5.0,188.0
2315,L,5.0,183.0
2316,R,12.0,178.0
2317,R,8.0,178.0
2318,R,1.0,183.0
2319,R,1.0,178.0
2320,R,4.0,196.0
2321,L,1.0,170.0
2322,R,19.0,193.0
2323,R,8.0,185.0
2324,R,10.0,190.0
2325,R,17.0,185.0
2326,R,9.0,188.0
2327,L,5.0,180.0
2328,R,18.0,196.0
2329,L,6.0,180.0
2330,R,12.0,196.0
2331,R,7.0,188.0
2332,R,4.0,191.0
2333,L,3.0,180.0
2334,R,17.0,188.0
2335,R,12.0,196.0
2336,R,4.0,185.0
2337,R,9.0,188.0
2338,R,7.0,185.0
2339,R,5.0,191.0
2340,L,2.0,180.0
2341,L,5.0,191.0
2342,R,4.0,180.0
2343,R,5.0,185.0
2344,R,19.0,196.0
2345,R,7.0,196.0
2346,R,5.0,185.0
2347,R,5.0,188.0
2348,R,8.0,180.0
2349,R,6.0,185.0
2350,R,1.0,191.0
2351,L,1.0,180.0
2352,R,2.0,185.0
2353,L,4.0,191.0
2354,R,3.0,191.0
2355,R,1.0,191.0
2356,R,8.0,198.0
2357,R,6.0,183.0
2358,R,3.0,191.0
2359,R,13.0,198.0
2360,R,7.0,198.0
2361,R,1.0,183.0
2362,R,8.0,183.0
2363,R,5.0,191.0
2364,R,8.0,191.0
2365,R,9.0,198.0
2366,R,12.0,201.0
2367,L,11.0,188.0
2368,R,3.0,198.0
2369,R,2.0,183.0
2370,R,5.0,185.0
2371,R,9.0,196.0
2372,R,8.0,183.0
2373,R,7.0,188.0
2374,R,6.0,191.0
2375,L,2.0,170.0
2376,R,11.0,191.0
2377,R,7.0,198.0
2378,R,6.0,183.0
2379,R,4.0,185.0
2380,R,9.0,201.0
2381,R,8.0,188.0
2382,L,2.0,188.0
2383,R,8.0,183.0
2384,R,9.0,198.0
2385,R,21.0,196.0
2386,R,9.0,188.0
2387,R,14.0,196.0
2388,R,11.0,191.0
2389,R,2.0,188.0
2390,R,18.0,196.0
2391,R,5.0,196.0
2392,R,10.0,191.0
2393,R,15.0,201.0
2394,L,6.0,188.0
2395,R,4.0,188.0
2396,R,6.0,193.0
2397,R,16.0,196.0
2398,L,15.0,193.0
2399,R,7.0,196.0
2400,R,6.0,183.0
2401,R,10.0,191.0
2402,R,6.0,201.0
2403,R,3.0,170.0
2404,L,8.0,188.0
2405,R,3.0,183.0
2406,R,6.0,185.0
2407,R,6.0,188.0
2408,R,1.0,183.0
2409,R,6.0,193.0
2410,R,12.0,196.0
2411,R,3.0,193.0
2412,R,8.0,191.0
2413,L,5.0,193.0
2414,R,2.0,185.0
2415,R,4.0,196.0
2416,R,4.0,183.0
2417,R,6.0,175.0
2418,R,5.0,191.0
2419,R,9.0,198.0
2420,R,9.0,191.0
2421,R,3.0,201.0
2422,R,1.0,170.0
2423,R,15.0,196.0
2424,R,4.0,193.0
2425,L,1.0,188.0
2426,R,8.0,185.0
2427,R,13.0,183.0
2428,R,4.0,185.0
2429,R,7.0,185.0
2430,L,6.0,180.0
2431,R,14.0,188.0
2432,R,9.0,183.0
2433,R,14.0,201.0
2434,R,5.0,183.0
2435,R,5.0,193.0
2436,R,17.0,196.0
2437,R,2.0,178.0
2438,R,6.0,193.0
2439,R,5.0,188.0
2440,R,4.0,191.0
2441,R,2.0,170.0
2442,L,3.0,193.0
2443,R,7.0,185.0
2444,R,5.0,188.0
2445,R,3.0,185.0
2446,R,9.0,196.0
2447,R,7.0,198.0
2448,R,2.0,183.0
2449,R,0.0,183.0
2450,R,9.0,188.0
2451,R,6.0,198.0
2452,R,13.0,191.0
2453,L,7.0,193.0
2454,R,0.0,170.0
2455,R,13.0,180.0
2456,R,2.0,178.0
2457,R,10.0,191.0
2458,R,2.0,185.0
2459,R,12.0,183.0
2460,R,12.0,191.0
2461,R,5.0,185.0
2462,R,3.0,175.0
2463,R,5.0,191.0
2464,L,1.0,170.0
2465,R,12.0,193.0
2466,R,6.0,183.0
2467,R,1.0,193.0
2468,R,6.0,193.0
2469,R,3.0,178.0
2470,R,11.0,193.0
2471,R,9.0,188.0
2472,R,5.0,180.0
2473,R,1.0,170.0
2474,R,11.0,183.0
2475,R,4.0,185.0
2476,R,1.0,188.0
2477,R,0.0,178.0
2478,R,17.0,185.0
2479,R,6.0,185.0
2480,R,7.0,193.0
2481,R,3.0,191.0
2482,R,9.0,193.0
2483,R,0.0,183.0
2484,R,3.0,191.0
2485,R,5.0,188.0
2486,R,5.0,193.0
2487,R,2.0,183.0
2488,R,4.0,185.0
2489,R,8.0,188.0
2490,R,0.0,191.0
2491,R,14.0,188.0
2492,R,3.0,183.0
2493,R,11.0,193.0
2494,L,3.0,180.0
2495,R,3.0,183.0
2496,R,7.0,185.0
2497,R,2.0,188.0
2498,R,2.0,188.0
2499,R,14.0,191.0
2500,R,4.0,191.0
2501,R,4.0,183.0
2502,R,3.0,188.0
2503,R,7.0,183.0
2504,R,8.0,180.0
2505,R,9.0,193.0
2506,R,6.0,185.0
2507,L,3.0,193.0
2508,R,6.0,185.0
2509,L,13.0,193.0
2510,R,4.0,175.0
2511,R,3.0,185.0
2512,L,14.0,193.0
2513,R,3.0,180.0
2514,R,5.0,175.0
2515,R,8.0,196.0
2516,R,3.0,183.0
2517,R,4.0,185.0
2518,R,6.0,185.0
2519,L,13.0,193.0
2520,R,5.0,193.0
2521,R,9.0,180.0
2522,R,13.0,196.0
2523,R,2.0,175.0
2524,R,4.0,185.0
2525,R,11.0,196.0
2526,R,9.0,183.0
2527,R,1.0,170.0
2528,R,10.0,193.0
2529,R,10.0,185.0
2530,R,7.0,185.0
2531,R,4.0,178.0
2532,L,5.0,193.0
2533,R,6.0,183.0
2534,R,13.0,193.0
2535,R,17.0,191.0
2536,R,13.0,180.0
2537,R,8.0,183.0
2538,R,11.0,196.0
2539,R,9.0,185.0
2540,R,12.0,196.0
2541,R,7.0,193.0
2542,R,9.0,185.0
2543,R,8.0,196.0
2544,L,9.0,188.0
2545,R,6.0,193.0
2546,R,6.0,193.0
2547,R,6.0,185.0
2548,R,1.0,185.0
2549,R,11.0,203.0
2550,R,11.0,196.0
2551,L,11.0,188.0
2552,L,9.0,173.0
2553,R,10.0,191.0
2554,R,5.0,185.0
2555,R,4.0,193.0
2556,R,8.0,191.0
2557,R,10.0,185.0
2558,R,11.0,185.0
2559,R,13.0,203.0
2560,R,9.0,180.0
2561,R,6.0,183.0
2562,L,11.0,188.0
2563,R,4.0,185.0
2564,L,3.0,173.0
2565,R,5.0,193.0
2566,R,8.0,196.0
2567,R,11.0,188.0
2568,R,16.0,193.0
2569,R,23.0,196.0
2570,L,6.0,188.0
2571,R,7.0,188.0
2572,R,2.0,196.0
2573,R,6.0,185.0
2574,R,5.0,193.0
2575,R,3.0,188.0
2576,R,11.0,196.0
2577,L,4.0,188.0
2578,L,13.0,183.0
2579,R,3.0,188.0
2580,R,7.0,170.0
2581,R,7.0,190.0
2582,R,2.0,196.0
2583,R,12.0,196.0
2584,R,3.0,185.0
2585,R,12.0,191.0
2586,R,6.0,193.0
2587,R,5.0,183.0
2588,R,14.0,188.0
2589,R,8.0,193.0
2590,R,18.0,196.0
2591,R,23.0,201.0
2592,L,9.0,188.0
2593,L,4.0,183.0
2594,R,6.0,183.0
2595,R,13.0,193.0
2596,R,5.0,198.0
2597,R,10.0,191.0
2598,R,6.0,198.0
2599,R,12.0,193.0
2600,R,6.0,188.0
2601,R,5.0,191.0
2602,R,14.0,198.0
2603,R,6.0,198.0
2604,R,10.0,193.0
2605,R,7.0,196.0
2606,R,9.0,198.0
2607,R,6.0,188.0
2608,R,3.0,188.0
2609,R,1.0,191.0
2610,R,5.0,198.0
2611,R,8.0,191.0
2612,R,6.0,185.0
2613,R,6.0,198.0
2614,R,10.0,193.0
2615,R,7.0,183.0
2616,R,6.0,196.0
2617,R,5.0,185.0
2618,R,4.0,198.0
2619,L,4.0,188.0
2620,R,11.0,185.0
2621,R,8.0,188.0
2622,R,3.0,188.0
2623,R,8.0,193.0
2624,R,8.0,191.0
2625,R,8.0,191.0
2626,R,5.0,191.0
2627,R,6.0,188.0
2628,R,17.0,188.0
2629,R,6.0,191.0
2630,R,10.0,188.0
2631,R,4.0,188.0
2632,R,9.0,191.0
2633,R,4.0,193.0
2634,R,9.0,188.0
2635,R,5.0,188.0
2636,R,,183.0
2637,R,4.0,188.0
2638,R,8.0,196.0
2639,R,2.0,191.0
2640,R,10.0,193.0
2641,R,11.0,198.0
2642,R,6.0,188.0
2643,R,8.0,188.0
2644,R,,188.0
2645,R,6.0,188.0
2646,R,4.0,191.0
2647,R,10.0,183.0
2648,R,4.0,191.0
2649,R,12.0,188.0
2650,R,6.0,185.0
2651,R,19.0,196.0
2652,R,10.0,196.0
2653,R,8.0,191.0
2654,R,1.0,193.0
2655,R,11.0,198.0
2656,R,4.0,198.0
2657,R,1.0,185.0
2658,R,7.0,196.0
2659,R,10.0,188.0
2660,R,3.0,183.0
2661,R,8.0,196.0
2662,R,0.0,188.0
2663,R,8.0,185.0
2664,R,9.0,178.0
2665,R,6.0,183.0
2666,R,7.0,183.0
2667,R,12.0,185.0
2668,R,8.0,191.0
2669,L,2.0,170.0
2670,R,1.0,185.0
2671,R,3.0,183.0
2672,R,15.0,196.0
2673,R,11.0,196.0
2674,R,7.0,201.0
2675,R,7.0,191.0
2676,R,17.0,193.0
2677,L,4.0,188.0
2678,R,5.0,198.0
2679,R,5.0,198.0
2680,R,14.0,188.0
2681,R,2.0,185.0
2682,L,4.0,188.0
2683,L,8.0,188.0
2684,R,8.0,185.0
2685,R,1.0,178.0
2686,L,5.0,188.0
2687,R,3.0,185.0
2688,R,20.0,188.0
2689,R,1.0,178.0
2690,R,10.0,191.0
2691,L,11.0,188.0
2692,R,11.0,180.0
2693,R,10.0,185.0
2694,R,3.0,198.0
2695,R,3.0,178.0
2696,R,9.0,188.0
2697,R,6.0,178.0
2698,L,6.0,180.0
2699,R,8.0,191.0
2700,R,6.0,185.0
2701,R,6.0,180.0
2702,R,7.0,183.0
2703,R,1.0,183.0
2704,R,2.0,185.0
2705,R,9.0,180.0
2706,R,3.0,183.0
2707,R,3.0,178.0
2708,R,8.0,188.0
2709,L,6.0,180.0
2710,L,10.0,193.0
2711,L,7.0,180.0
2712,L,6.0,193.0
2713,R,13.0,193.0
2714,R,2.0,191.0
2715,L,7.0,180.0
2716,L,7.0,193.0
2717,R,11.0,185.0
2718,R,11.0,193.0
2719,R,8.0,193.0
2720,R,6.0,188.0
2721,R,6.0,191.0
2722,R,10.0,191.0
2723,L,10.0,180.0
2724,L,7.0,193.0
2725,R,5.0,185.0
2726,R,7.0,185.0
2727,R,9.0,193.0
2728,R,1.0,193.0
2729,R,9.0,183.0
2730,R,4.0,188.0
2731,L,10.0,191.0
2732,R,3.0,191.0
2733,R,10.0,191.0
2734,R,15.0,183.0
2735,L,5.0,188.0
2736,R,13.0,188.0
2737,R,10.0,191.0
2738,R,2.0,188.0
2739,R,15.0,191.0
2740,R,6.0,188.0
2741,R,10.0,188.0
2742,R,9.0,191.0
2743,R,11.0,191.0
2744,R,1.0,188.0
2745,R,3.0,183.0
2746,R,5.0,183.0
2747,R,16.0,198.0
2748,R,10.0,198.0
2749,R,4.0,198.0
2750,R,10.0,198.0
2751,R,19.0,188.0
2752,R,9.0,185.0
2753,R,5.0,188.0
2754,R,8.0,185.0
2755,R,5.0,185.0
2756,R,5.0,185.0
2757,R,6.0,183.0
2758,L,3.0,183.0
2759,R,5.0,185.0
2760,R,4.0,178.0
2761,R,13.0,188.0
2762,R,9.0,178.0
2763,R,14.0,188.0
2764,L,7.0,180.0
2765,R,18.0,188.0
2766,R,6.0,180.0
2767,R,10.0,201.0
2768,R,4.0,180.0
2769,R,10.0,203.0
2770,R,25.0,193.0
2771,R,6.0,203.0
2772,R,6.0,185.0
2773,R,5.0,191.0
2774,R,5.0,185.0
2775,R,7.0,191.0
2776,R,17.0,185.0
2777,R,6.0,201.0
2778,L,7.0,180.0
2779,R,2.0,183.0
2780,L,24.0,193.0
2781,R,6.0,175.0
2782,R,16.0,193.0
2783,R,8.0,183.0
2784,L,6.0,180.0
2785,L,5.0,188.0
2786,R,4.0,175.0
2787,L,20.0,188.0
2788,R,3.0,190.0
2789,R,18.0,183.0
2790,R,11.0,183.0
2791,R,8.0,185.0
2792,R,6.0,183.0
2793,R,6.0,185.0
2794,R,1.0,183.0
2795,R,6.0,183.0
2796,R,6.0,188.0
2797,R,10.0,188.0
2798,R,11.0,193.0
2799,R,10.0,185.0
2800,R,3.0,183.0
2801,R,16.0,188.0
2802,R,14.0,193.0
2803,R,11.0,188.0
2804,R,13.0,191.0
2805,R,18.0,196.0
2806,R,1.0,178.0
2807,R,14.0,196.0
2808,R,8.0,193.0
2809,R,6.0,188.0
2810,R,4.0,191.0
2811,R,14.0,188.0
2812,R,8.0,193.0
2813,R,1.0,188.0
2814,R,5.0,185.0
2815,R,5.0,191.0
2816,R,18.0,196.0
2817,R,14.0,193.0
2818,R,0.0,183.0
2819,R,4.0,183.0
2820,R,4.0,196.0
2821,R,1.0,183.0
2822,R,14.0,191.0
2823,R,9.0,191.0
2824,R,5.0,183.0
2825,R,12.0,191.0
2826,R,4.0,183.0
2827,R,8.0,188.0
2828,R,,188.0
2829,R,,185.0
2830,R,,188.0
2831,R,,185.0
2832,R,,180.0
2833,R,,180.0
2834,R,,175.0
2835,R,,188.0
2836,R,,196.0
2837,R,,188.0
2838,R,,185.0
2839,R,,183.0
2840,R,,185.0
2841,R,,180.0
2842,L,,188.0
2843,L,,180.0
2844,L,,188.0
2845,R,,183.0
2846,L,10.0,188.0
2847,L,5.0,188.0
2848,L,,196.0
2849,R,8.0,198.0
2850,L,6.0,196.0
2851,R,,183.0
2852,R,,175.0
2853,R,,201.0
2854,R,,185.0
2855,R,,188.0
2856,R,,188.0
2857,R,,191.0
2858,R,,183.0
2859,R,,188.0
2860,R,,188.0
2861,R,,183.0
2862,R,,185.0
2863,R,,183.0
2864,R,,178.0
2865,R,,185.0
2866,R,,180.0
2867,R,,185.0
2868,R,,170.0
2869,R,,196.0
2870,R,,185.0
2871,R,,185.0
2872,R,,185.0
2873,R,,188.0
2874,R,,193.0
2875,L,,188.0
2876,R,,175.0
2877,R,,196.0
2878,R,,196.0
2879,L,,183.0
2880,R,,185.0
2881,R,,183.0
2882,L,,178.0
2883,R,10.0,193.0
2884,L,,178.0
2885,R,,180.0
2886,R,,
2887,R,,
2888,L,,188.0
2889,R,,185.0
2890,R,,185.0
2891,R,,185.0
2892,R,,185.0
2893,R,,185.0
2894,R,,191.0
2895,R,,185.0
2896,R,,188.0
2897,R,,183.0
2898,L,,183.0
2899,R,,191.0
2900,R,3.0,188.0
2901,R,,178.0
2902,R,,188.0
2903,L,,188.0
2904,R,,196.0
2905,R,,190.0
2906,L,,188.0
2907,R,,
2908,R,,175.0
2909,R,,191.0
2910,R,,178.0
2911,R,,173.0
2912,R,,183.0
2913,R,,188.0
2914,R,,
2915,R,,180.0
2916,R,,
2917,R,,180.0
2918,R,,183.0
2919,R,,185.0
2920,R,,180.0
2921,R,,188.0
2922,R,,71.0
2923,R,,183.0
2924,U,,
2925,R,,191.0
2926,R,,193.0
2927,U,,
2928,R,,191.0
2929,R,,191.0
2930,R,,191.0
2931,R,,
2932,R,,191.0
2933,R,,178.0
2934,R,,178.0
2935,R,,191.0
2936,R,,183.0
2937,R,,188.0
2938,U,,
2939,L,,188.0
2940,R,,188.0
2941,R,,185.0
2942,R,,175.0
2943,R,,185.0
2944,R,,185.0
2945,R,,
2946,R,,183.0
2947,R,,
2948,U,,
2949,R,,193.0
2950,L,,193.0
2951,L,,193.0
2952,R,,198.0
2953,R,,180.0
2954,R,,175.0
2955,U,,
2956,R,,188.0
2957,R,,188.0
2958,R,,188.0
2959,R,,
2960,L,,180.0
2961,R,,188.0
2962,R,,191.0
2963,R,,185.0
2964,R,,
2965,R,,
2966,R,,180.0
2967,R,,191.0
2968,U,,
2969,R,,191.0
2970,R,,
2971,R,,191.0
2972,R,,191.0
2973,U,,
2974,R,,175.0
2975,R,,175.0
2976,R,,175.0
2977,R,,170.0
2978,R,,193.0
2979,R,,198.0
2980,R,,193.0
2981,R,,180.0
2982,R,,185.0
2983,R,,178.0
2984,R,,183.0
2985,R,,178.0
